,predicted_class,C,N,E
0,neutral,0.02279784950425184,0.8804421423921154,0.09675992065552884
1,entailment,0.0017456590233771371,0.0398006535355705,0.9584536790324022
2,neutral,0.004881851057939006,0.9902727042542147,0.0048454911372780565
3,neutral,0.05204974208902677,0.9441040436622318,0.003846246654176734
4,entailment,0.001492800286728208,0.16184580755176733,0.8366613873618266
5,entailment,0.001123313549684869,0.0775308532662058,0.9213458506510358
6,neutral,0.003912670160562802,0.9639121040038474,0.03217523419905439
7,neutral,0.03366348878361288,0.916361923783401,0.04997463700417086
8,neutral,0.07210353103667787,0.9092021313107991,0.018694256944818247
9,neutral,0.004458240665084339,0.9907651040502202,0.0047766920336135416
10,neutral,0.005807360068707963,0.9641315731575232,0.03006105056860064
11,neutral,0.015065279285065063,0.9618995888417965,0.023035125660606927
12,neutral,0.010380588700291855,0.9432654810298619,0.04635393739596118
13,neutral,0.021531470501979948,0.8501008365733443,0.1283676428577659
14,neutral,0.010568109397498021,0.936829357176331,0.05260247719267188
15,neutral,0.020030897807379117,0.9393670653763861,0.04060203649405115
16,contradiction,0.9986155154403585,0.0011577363035744765,0.0002268018757096111
17,neutral,0.0081086366292487,0.9590053756980076,0.032885987810501754
18,entailment,0.003285551651330817,0.316159837746136,0.6805546008366395
19,entailment,0.001110310727786692,0.18698055341979916,0.8119091525492137
20,entailment,0.0018976274589538318,0.2632267511362754,0.7348756116500618
21,neutral,0.004721910916691427,0.7095527578573584,0.2857253710180567
22,neutral,0.00533652788610683,0.9390693613345159,0.05559407119139917
23,neutral,0.03197081286109786,0.9305224751439766,0.03750677699083106
24,neutral,0.004590903486422038,0.9680047304544087,0.02740435629344996
25,neutral,0.01773236298658166,0.9258501613523283,0.056417430781513414
26,neutral,0.013946359749731192,0.9393092148287772,0.046744358039733445
27,neutral,0.002327707372419549,0.9958155747514341,0.0018567988375758275
28,neutral,0.0022078596516408224,0.9962232243562361,0.0015689101134892952
29,neutral,0.0034220842176474146,0.989935091702706,0.006642844673700848
30,neutral,0.26785541265740337,0.7073775626282278,0.024767012203440582
31,contradiction,0.5378562662916073,0.4366019169630577,0.025541860111360344
32,neutral,0.03987330276686818,0.8329646553681826,0.1271620763725081
33,entailment,0.0017470896640530218,0.15873769708237925,0.8395152041085142
34,entailment,0.0013704017044591707,0.18252282401942763,0.8161067589480815
35,neutral,0.013487375403415141,0.8001591034486791,0.18635350239618564
36,neutral,0.013404219087413653,0.9656372910788614,0.020958454545866912
37,neutral,0.01038856101927641,0.8420141485277522,0.14759723658801757
38,neutral,0.005673579351551646,0.6440037556317177,0.3503227225050259
39,neutral,0.0017468805741709466,0.9724541152689766,0.025798996541556356
40,contradiction,0.9240984354415772,0.06672596055105111,0.00917564014071079
41,contradiction,0.9988073047189923,0.000982582871186853,0.00021012263660468192
42,contradiction,0.7374624351053473,0.2551273854781629,0.007410091646727238
43,neutral,0.23107189603651912,0.7340972683781523,0.034830846799034414
44,contradiction,0.957327492787059,0.031937253657099186,0.01073529560669679
45,neutral,0.010890498586798799,0.9163413051816942,0.07276818166956724
46,contradiction,0.9969448492434962,0.0024478291905611718,0.0006072639186528303
47,contradiction,0.7907042275261548,0.19668894195331305,0.012606841881558013
48,neutral,0.017224904902427673,0.9768953285816324,0.005879842968055305
49,contradiction,0.9821038947557499,0.007966055840010302,0.009930012079682717
50,contradiction,0.9976503161928647,0.0012948379631445976,0.0010549470148824684
51,neutral,0.004657748426777396,0.9447726486249528,0.050569617611587396
52,contradiction,0.9089220593190721,0.08865693471122524,0.0024210560151928344
53,contradiction,0.9270062074291959,0.07063392591744673,0.0023598873196088634
54,contradiction,0.5307493783459173,0.4647561937992138,0.004494402769732079
55,contradiction,0.9385734325441315,0.05709239741656593,0.004334127033168941
56,contradiction,0.9387031461313182,0.05948548683717648,0.0018113462233850096
57,neutral,0.09173444303235515,0.8984627525350755,0.009802822966166828
58,neutral,0.004386071667491924,0.8357701191305508,0.159843836319622
59,neutral,0.013007584213657265,0.9718737785611412,0.015118640589515763
60,neutral,0.016314309992340573,0.9792975523453051,0.004388194994863627
61,neutral,0.003725706505246664,0.9954239684399376,0.0008503529767942503
62,contradiction,0.9990207019344488,0.0007727238206074426,0.00020664927330357456
63,neutral,0.0011098560341779636,0.9386945297064574,0.06019559470824647
64,neutral,0.002010632834870692,0.9879245926180522,0.01006469039370465
65,neutral,0.0022325498417020534,0.9593377969491171,0.03842965258057328
66,contradiction,0.9752173465206884,0.018630873845140086,0.006151791116946097
67,neutral,0.057980923388664125,0.9300478012914772,0.011971228899457433
68,neutral,0.10766988222267143,0.8851795022144735,0.007150593891022453
69,contradiction,0.9979060718050222,0.0018420434215678265,0.0002518164972399089
70,neutral,0.10071992974627048,0.7984425970217067,0.10083749637641598
71,neutral,0.010723707358207692,0.7467233620081244,0.24255294602964783
72,neutral,0.011000162244358314,0.95587282612096,0.03312700957473984
73,contradiction,0.921842683638499,0.07629309767998685,0.0018642305883632487
74,contradiction,0.9848871638477379,0.014259650288502596,0.0008532233367909128
75,contradiction,0.6850735040903287,0.30584830429096116,0.009078207228407673
76,contradiction,0.6368669816953689,0.3512219186351654,0.011911140238812392
77,neutral,0.007930293601442942,0.8215570842150193,0.1705126869504272
78,neutral,0.09014703847774844,0.9044375887273304,0.005415396399515723
79,contradiction,0.9837889469342191,0.014316710220542697,0.0018943718565511201
80,neutral,0.0011481183328905717,0.8943411644565377,0.1045107055984057
81,neutral,0.011535120377440582,0.9269436138080929,0.06152119863526498
82,neutral,0.23048997877424923,0.5502384954239706,0.21927157411294318
83,entailment,0.0006345659525243702,0.14084651078398544,0.8585189120529498
84,neutral,0.0038336382119477158,0.8800531794123269,0.11611317725498431
85,contradiction,0.9851955384912517,0.01198545107460916,0.0028190091001288383
86,contradiction,0.9928685061656175,0.006302308915902755,0.0008292472795171521
87,contradiction,0.9568389456698557,0.04126619176028162,0.0018948054934835115
88,contradiction,0.9315491983970076,0.06476643410417607,0.003684346852333502
89,neutral,0.039633161713108954,0.9537906687462254,0.006576272235018425
90,neutral,0.04758138828008207,0.927959377547842,0.02445928612325144
91,contradiction,0.9391719722546236,0.05765231424026366,0.003175696628858831
92,neutral,0.036362029164390734,0.9620554666720086,0.0015825948629437912
93,neutral,0.001978776666971717,0.8908499120929417,0.10717131249218519
94,neutral,0.0013794064116695675,0.8441440416918568,0.1544765131005668
95,neutral,0.004760393319629297,0.984092825012909,0.011146723421497617
96,neutral,0.14542051651413201,0.8323751012428905,0.022204436469568413
97,neutral,0.19787841060755762,0.7808067277445456,0.021314799734176375
98,neutral,0.0016137387245545314,0.9965798214254433,0.0018065485932716502
99,neutral,0.015106944698499278,0.9371318181194035,0.047761205167752334
100,neutral,0.002631403305225027,0.9838164084088439,0.013552126130657968
101,neutral,0.012430930461565329,0.961954852933275,0.02561428943242771
102,neutral,0.0033571467191384013,0.9874477971114523,0.009194981761237885
103,neutral,0.007235296824231676,0.9732760649541725,0.019488572561553327
104,neutral,0.19589045661918233,0.7839640300886358,0.020145507857057838
105,neutral,0.0009969161945262892,0.9977723029510741,0.0012308716389370096
106,neutral,0.002213838100669132,0.9830373892000691,0.014748888669322608
107,neutral,0.0024587084031413805,0.8878890568189997,0.10965226885740532
108,neutral,0.0014313747264498792,0.8960398804124767,0.10252882959129445
109,neutral,0.0017788604060929307,0.8742688588041974,0.12395233281396506
110,neutral,0.0044969259043383435,0.9754921302261575,0.020010949936662144
111,neutral,0.023171592654630063,0.9519263270390066,0.024902099931850823
112,neutral,0.009183107415759083,0.835138507000229,0.15567843678557458
113,neutral,0.0007294554638343177,0.9631182745526359,0.03615228252324655
114,neutral,0.05387450094242896,0.9354653713854443,0.010660207935624206
115,neutral,0.04218038001512539,0.9469046049212414,0.01091508396644678
116,neutral,0.001645438188531277,0.9975003654256405,0.0008541298698495276
117,neutral,0.002621499419972779,0.9966072900269457,0.0007711046487623305
118,neutral,0.006758589330457633,0.9895245168590837,0.003716944195176003
119,neutral,0.08047248115078207,0.9029903630914159,0.016537201314271558
120,neutral,0.3505103246160939,0.6314374423072838,0.018052268405214213
121,neutral,0.0025163453666335726,0.9312838283318092,0.06619981314500933
122,neutral,0.002386131971736838,0.9505766570088948,0.04703720759557256
123,neutral,0.002251258709264346,0.8805486144669109,0.11720007781551707
124,contradiction,0.95119459787227,0.04700113303286824,0.0018042939175717397
125,neutral,0.16465488860481053,0.82118824970602,0.014156860072349852
126,neutral,0.01393543119949422,0.8969195701376936,0.08914500555622287
127,contradiction,0.8999260011135186,0.09647856132261012,0.003595472401827753
128,neutral,0.0007387265495584497,0.9954649578871047,0.003796333670685671
129,contradiction,0.8233942464928703,0.16665764311824913,0.009948087796662645
130,contradiction,0.9978824490633005,0.0019081256134418545,0.00020946698833416308
131,contradiction,0.7840392071980576,0.2129802930780621,0.0029805168040120543
132,neutral,0.017317463943043065,0.9561286400632444,0.026553912304850037
133,contradiction,0.9558263182883282,0.03677427160333001,0.007399336701254115
134,neutral,0.013039597428186915,0.954131312926419,0.03282899666343764
135,entailment,0.0016261255736574956,0.015333046690748923,0.9830408443971601
136,neutral,0.007220380368799256,0.9757476587191171,0.017032023539281346
137,neutral,0.004674749946262186,0.9773559493341772,0.017969297848921775
138,neutral,0.00925596996407058,0.9882858678025662,0.002458141025308775
139,neutral,0.00879525909106722,0.9892989384830445,0.0019058659374872518
140,neutral,0.006612779961908106,0.9910151166403979,0.0023721361848419785
141,neutral,0.020284665125434725,0.9686085291131118,0.011106803721203406
142,neutral,0.007606140187474143,0.8937674332865446,0.0986264040587477
143,neutral,0.038267683956341295,0.9587325699301369,0.002999785202692156
144,neutral,0.01673737930893792,0.9728297721453256,0.010432796926234209
145,neutral,0.020371569392608358,0.9762554815315523,0.003372995233980841
146,neutral,0.03004828148604128,0.9651445607999306,0.004807159698448972
147,neutral,0.009850767784101051,0.98257657622313,0.007572629222039089
148,neutral,0.005765863561944704,0.9552616251164866,0.03897254549536213
149,contradiction,0.9820505461771428,0.01682082050552673,0.0011287107036476109
150,contradiction,0.9457715748082384,0.032903147585399084,0.021325225145554003
151,contradiction,0.8868547176449417,0.08299773938492244,0.030147624710663925
152,neutral,0.03407568724373454,0.9525319626686773,0.01339237424240533
153,neutral,0.0163075201036576,0.9805664823018705,0.0031259536901273206
154,neutral,0.004764515030305505,0.9888534542584773,0.006382095269492298
155,neutral,0.006821810540045515,0.9902366997485711,0.0029414176476881895
156,neutral,0.009024485905396739,0.976887478818456,0.014088004032503468
157,neutral,0.014314710125616869,0.9795453562962044,0.006139975000203483
158,neutral,0.11905802922038182,0.8299971717239697,0.05094473677732292
159,neutral,0.007028541451061827,0.9708708913859964,0.022100485031517472
160,neutral,0.0033352377675919067,0.9930578590968581,0.0036068692633174984
161,neutral,0.0014141719561727056,0.9958323612949196,0.002753398270558764
162,neutral,0.07059720646497196,0.9202195228243867,0.009183317602812968
163,neutral,0.08897539156280118,0.9019507226724714,0.009073901067620153
164,neutral,0.09084235245671286,0.902653100801507,0.006504629485775168
165,neutral,0.012746618943068028,0.9817085193861527,0.005544876324634498
166,neutral,0.002187941773882303,0.9737107862227852,0.024101325878314293
167,neutral,0.001670761218595033,0.9841828815299247,0.014146272472383018
168,neutral,0.004950453074180769,0.9766330580091516,0.01841650019554852
169,neutral,0.023405558946339,0.9604516783338217,0.016142713515205725
170,neutral,0.1046104223152026,0.8834358809821065,0.011953614557900978
171,contradiction,0.8659641796868643,0.13016401368350033,0.00387179669547963
172,neutral,0.006523987711269028,0.9751257491745116,0.018350300278440687
173,neutral,0.17419314932325444,0.8145566310201806,0.0112502142412987
174,neutral,0.10275480132370017,0.8875875831400845,0.009657546948234964
175,neutral,0.25222044869882515,0.7249019954251718,0.02287748143342913
176,neutral,0.0009101400064877,0.9794961750849221,0.019593599197331626
177,neutral,0.07468085316460137,0.8994536660209712,0.02586540767482512
178,neutral,0.0022731291433626226,0.9946230460707858,0.0031038850568282698
179,neutral,0.004078200205443647,0.9934171344471784,0.0025046712329403285
180,neutral,0.004663617749749398,0.9939331581483741,0.00140326781772771
181,neutral,0.007493161339142356,0.9901552323978222,0.002351634337895117
182,neutral,0.00803254745503938,0.9879009745372563,0.004066508335602936
183,neutral,0.0038436303788417273,0.9936481252547659,0.002508234033367462
184,neutral,0.004149755239187808,0.9646112881564252,0.031238915204897494
185,neutral,0.019567414389021227,0.9766064519103373,0.0038261944339010767
186,neutral,0.002407865550986365,0.9959982484251764,0.0015938189978394004
187,neutral,0.0036818020798568005,0.9954355442520879,0.0008826824134514189
188,neutral,0.002832037608518392,0.9962452305144538,0.0009228201372315994
189,neutral,0.0021257983664474673,0.9961339078599561,0.0017403132601345286
190,neutral,0.005142980374931561,0.982364739754726,0.012492223542674567
191,contradiction,0.994653708955955,0.00482763844679801,0.0005186187424154741
192,neutral,0.015940508632635634,0.982189676726558,0.0018699097338781899
193,neutral,0.006105454475566026,0.9919508574068825,0.0019436142490942302
194,neutral,0.0029676074654874755,0.9952626418762822,0.0017696885069890221
195,neutral,0.0038373106362904605,0.993448664559001,0.0027140502519804755
196,neutral,0.0013545225870593748,0.9972271534837064,0.0014183664263480885
197,neutral,0.001264138821129463,0.997635366534615,0.0011004028347711043
198,neutral,0.005457575803597982,0.9885199528495406,0.006022448978539514
199,neutral,0.004689809393144213,0.9940227867155516,0.0012873216986412073
200,neutral,0.0028273797905703857,0.9962707873365054,0.0009017461210001326
201,neutral,0.008263334770109433,0.9886874914971571,0.0030492153053989796
202,neutral,0.004660623271470334,0.9855104748491945,0.009828945258160261
203,neutral,0.0028914467771266445,0.9895074753977278,0.007601111353818088
204,neutral,0.012287933714142761,0.985533284060569,0.002178730172608112
205,neutral,0.021608023588613478,0.9760816817452119,0.0023103188805233005
206,neutral,0.0019172021110135864,0.987542654394851,0.010540123154145471
207,neutral,0.0022336093329300135,0.9860621264262677,0.011704185776036461
208,neutral,0.00484237064319542,0.94951553492344,0.04564205425598037
209,neutral,0.0011320709040919647,0.9746629243897059,0.024205100995653595
210,neutral,0.0012659913402451725,0.9404871079585045,0.05824689186008596
211,neutral,0.007566428217241598,0.9746439004625752,0.017789732807102897
212,neutral,0.02619362202005463,0.9633852832489733,0.010421147606833747
213,contradiction,0.9471402391224959,0.04980431870116885,0.003055419922664698
214,neutral,0.001045331268841316,0.9956114614317974,0.0033431209679375606
215,neutral,0.004353559993618381,0.9845992048664605,0.011047144659275638
216,neutral,0.0005858665203612011,0.9942606589799022,0.00515344543614749
217,neutral,0.0030932794347052596,0.9882120552822662,0.008694598646803341
218,neutral,0.00047888292166445496,0.992409117291671,0.007111934250395427
219,neutral,0.0015680305773002876,0.9935939862599509,0.004838022398703757
220,entailment,0.0004858463346650476,0.019357608677039357,0.9801565397080609
221,neutral,0.001098040492827394,0.9880422341594166,0.010859612991123098
222,neutral,0.0034600064257409276,0.9836462479335398,0.012893742232175062
223,neutral,0.00857994750215568,0.9496030321162894,0.0418169210235499
224,neutral,0.022871340584639563,0.9714773699212541,0.005651293085123105
225,neutral,0.0013218655778769032,0.9743969843733086,0.024281200644512623
226,neutral,0.020359207323200148,0.9680474023600228,0.011593334226421823
227,neutral,0.01571440830021735,0.8449680608882398,0.13931759143135694
228,neutral,0.016354016949379317,0.9407710465062848,0.04287501439510313
229,neutral,0.05086476848077264,0.935828440871716,0.013306833773780676
230,neutral,0.0062778373268788925,0.9511626752326025,0.04255952775148368
231,neutral,0.010823941663497061,0.9878752639494095,0.0013007838102690973
232,neutral,0.0015786560238455394,0.9887297924351304,0.009691509103664593
233,contradiction,0.9941547277163421,0.0043930500805357325,0.0014522782981598486
234,neutral,0.19577522523932328,0.5612336659762024,0.24299119471922206
235,entailment,0.004159174905934428,0.21459854989494012,0.7812423096060236
236,neutral,0.005305183633536786,0.6969101015019724,0.29778466509066676
237,neutral,0.0018705268522592423,0.9321028743183668,0.06602662933515552
238,neutral,0.0017478579301658183,0.7283685883600709,0.2698835087765083
239,neutral,0.005137196050809032,0.9913260525640495,0.0035367283131255887
240,neutral,0.011333396725934038,0.9455634779294222,0.043103103793675976
241,neutral,0.05894579760954042,0.9063520292433264,0.03470220189341904
242,neutral,0.0009145687504869532,0.9968552849241625,0.002230220729674458
243,neutral,0.0008934760866579109,0.997642959799475,0.0014635123296929421
244,neutral,0.0005381910119805735,0.9933173815747991,0.006144385802704718
245,neutral,0.12680346861766895,0.8407623509779609,0.03243417545874278
246,contradiction,0.6512031349094842,0.3434178049958645,0.005379018854636831
247,contradiction,0.912582496392046,0.08015773578459878,0.007259799133185108
248,neutral,0.03382056176969435,0.9478800924234174,0.018299366733452508
249,entailment,0.0012373996515906277,0.013985577476972317,0.984776977382795
250,neutral,0.08384805083918088,0.9013676707777465,0.01478418635747635
251,neutral,0.015235277746479762,0.9654512505260816,0.01931348222346744
252,neutral,0.001555707887165064,0.736902404282693,0.2615418388560835
253,contradiction,0.8829261449264542,0.08799307423336833,0.029080781140708143
254,neutral,0.14668958758167805,0.8500638736423102,0.003246535302428004
255,neutral,0.008183624009908736,0.7321167220022032,0.25969967590739873
256,contradiction,0.9709940594598704,0.026406344337067376,0.00259955999199926
257,contradiction,0.8692524682536323,0.11210445448020807,0.018642986526981663
258,contradiction,0.8674670025381817,0.10529918273213687,0.027233817075546903
259,neutral,0.048256247735227735,0.7238351448851994,0.22790861340354962
260,contradiction,0.9442818408333465,0.050161501056663164,0.005556628134084934
261,neutral,0.0021155325613235578,0.9812513633517778,0.01663313815291396
262,neutral,0.000989961706881197,0.9142976716721655,0.08471234498252378
263,neutral,0.0012404225631350455,0.7922118793487892,0.20654767610865193
264,neutral,0.0030617670993037262,0.9940676665213025,0.002870575134056174
265,neutral,0.00148114861525933,0.983131861261811,0.015387040929777393
266,neutral,0.010009216098603951,0.9655044778721318,0.024486353641452546
267,neutral,0.02777888921234028,0.8832451059543498,0.08897592189904249
268,contradiction,0.9751757408454126,0.020386092021966232,0.004438185950126769
269,neutral,0.01535103588523976,0.9710058607599558,0.013643113664243953
270,neutral,0.006502827677283604,0.9381842035980816,0.05531297691440512
271,neutral,0.015306230142274222,0.9830256394235655,0.001668174805933025
272,neutral,0.0014463632670319775,0.9583422103663638,0.040211459647080595
273,contradiction,0.9983679509569037,0.0011867486556304688,0.0004453782709462393
274,neutral,0.10073251360764296,0.6766870038751253,0.22258047454702276
275,entailment,0.009388062305593574,0.2620217684499757,0.7285902078957178
276,entailment,0.0018748863595917332,0.1562754676450361,0.8418496233956122
277,neutral,0.0022241736462976624,0.9294166505482665,0.06835913594581752
278,neutral,0.0068367413689883,0.8468042477911616,0.14635904108951378
279,neutral,0.0013053774998567226,0.9918632437493653,0.006831410068582356
280,neutral,0.01345416662747594,0.9412999304302538,0.04524590801567708
281,neutral,0.0181942792058581,0.9279502375014873,0.053855455646241966
282,neutral,0.0007776544182960136,0.9972751681840049,0.0019472060850828246
283,neutral,0.0005918351363174463,0.9911538722949796,0.008254265320402021
284,neutral,0.0006473442760002368,0.9712476878637994,0.028104957580832285
285,neutral,0.05488708168694167,0.914588251706331,0.03052461684316683
286,neutral,0.23255580105785564,0.7563129495354123,0.011131176765065271
287,neutral,0.05224873757689572,0.9338707545465085,0.013880453452651272
288,neutral,0.009917406051414068,0.982444125041794,0.00763845896374074
289,entailment,0.0006322538895161879,0.036169732349876034,0.9631980080592405
290,contradiction,0.9567971456580878,0.03623814711927384,0.006964732650969663
291,neutral,0.007133630483467414,0.9857131310290946,0.00715313795646113
292,neutral,0.002055257596428582,0.7977219561771656,0.2002228009472908
293,contradiction,0.9944185960416663,0.003886915264039849,0.001694513415848425
294,neutral,0.08018799435524583,0.9155306315396359,0.004281309080833505
295,entailment,0.01810772000412856,0.31636429230151547,0.6655280271256436
296,contradiction,0.860457242702368,0.1299880485441149,0.009554700689200654
297,contradiction,0.8772514236459135,0.09377584314145715,0.028972675957451375
298,contradiction,0.9072645550822165,0.0694869743791073,0.023248461233919177
299,neutral,0.33739364771258584,0.5778749177131376,0.08473149389955224
300,contradiction,0.7020959522258153,0.21181924619347625,0.086084844629066
301,neutral,0.0175275130301323,0.979779553744265,0.0026928908229670078
302,neutral,0.015276357052510868,0.9825839427715052,0.0021396197524888006
303,neutral,0.0011522976079702788,0.9916697741466837,0.007177923335623622
304,neutral,0.004426451836375052,0.9774347550799206,0.01813883066047335
305,neutral,0.061428758359994784,0.9180824034131795,0.020488856491095327
306,neutral,0.000554543934857105,0.9919962534187243,0.007449249494476534
307,neutral,0.0009447749125796552,0.9901097703311037,0.008945427099637747
308,neutral,0.010035974520408974,0.9844723305928249,0.005491619113475491
309,neutral,0.0009476982399786731,0.9891255949300433,0.009926698133669197
310,neutral,0.0012045638523328747,0.9977742018709035,0.0010212914973377323
311,neutral,0.000777909209604133,0.9965312819556913,0.0026908743037498627
312,neutral,0.009986561590270417,0.9679438578174724,0.022069555611960178
313,neutral,0.0010460712345628142,0.9849375825725039,0.014016421493744586
314,neutral,0.0012956939996096914,0.9630121325234032,0.03569207461650076
315,neutral,0.0012330951572590064,0.9517225309024555,0.04704438545147348
316,neutral,0.002569779001996275,0.8606724837345187,0.13675765400377032
317,entailment,0.0008157520353640131,0.035247093747148094,0.9639371397519692
318,neutral,0.0034483500478609133,0.994070140255724,0.002481589323893213
319,neutral,0.001155014580710611,0.9916142094484598,0.007230730388562356
320,neutral,0.0022982949674000466,0.9911236583707949,0.006578056753534148
321,neutral,0.0008805632258608218,0.9816171918183566,0.01750229073125324
322,neutral,0.002812794963378538,0.9959925720197532,0.0011947129417887883
323,neutral,0.004157362611172218,0.9876648560561992,0.008177792216070717
324,neutral,0.06534361610357994,0.9242506562170507,0.010405714801648884
325,neutral,0.15417294526962674,0.838542821769016,0.007284255902049994
326,neutral,0.04940668950611383,0.9448527781523284,0.005740613735738696
327,neutral,0.0047141987964220795,0.9821673665830889,0.01311837725367235
328,neutral,0.0035553160610066526,0.9356662335551602,0.06077842408127924
329,neutral,0.005038861942451448,0.9736468180988823,0.02131434745483519
330,neutral,0.031812324946503774,0.9637106746421628,0.004477036592838735
331,neutral,0.00383465472645138,0.9887077674343642,0.007457548217950714
332,neutral,0.0011662964412054856,0.916531730830672,0.08230193118966941
333,neutral,0.0032930897164248816,0.9954513731983337,0.0012555093549461176
334,neutral,0.006904274629125353,0.9896727794498423,0.00342285613517489
335,contradiction,0.8348233464482215,0.16149520007878468,0.0036814474616874353
336,contradiction,0.7916740901185413,0.1984753546636192,0.009850584594531878
337,neutral,0.20494864040923932,0.7900488905448158,0.005002558556474013
338,neutral,0.019054411875174343,0.9754900879251461,0.005455486496547288
339,neutral,0.01678529388282869,0.961094531008589,0.022120158311049243
340,entailment,0.0018093823321992102,0.005564648977931942,0.9926260141872894
341,neutral,0.06759606399615993,0.9274930597131671,0.0049109283294176635
342,neutral,0.027270579531157645,0.9674231081224604,0.005306241157156396
343,neutral,0.02249425480983839,0.965246176982463,0.01225962472949254
344,neutral,0.030799794560453043,0.9585628716981764,0.01063733784577651
345,neutral,0.012670083721872434,0.9836486719158424,0.003681266654680162
346,contradiction,0.993863091383915,0.005713629718796154,0.00042332364136334196
347,neutral,0.0471218188386082,0.9442066982036232,0.008671507636312997
348,neutral,0.0008012372013153142,0.9977630460590454,0.0014357071618615856
349,neutral,0.0021763855999532857,0.9918668786911443,0.005956652184297927
350,contradiction,0.9973764289874636,0.0023774527548278608,0.00024607655804412064
351,neutral,0.0759233090273539,0.8717035438261873,0.05237318218356287
352,neutral,0.04925654137270975,0.9423560944269906,0.008387382043008278
353,neutral,0.0014358468267531184,0.756102028192968,0.24246211348036406
354,neutral,0.0026410448649183196,0.9672247788537245,0.030134280006127667
355,neutral,0.03186811339455644,0.9638005821707311,0.004331275962835703
356,neutral,0.0007223114354254448,0.9873595825528143,0.011918133970241752
357,neutral,0.03167351860329176,0.9491238366762912,0.01920259841798501
358,neutral,0.006108404342514666,0.9352205975594478,0.058671000238316555
359,neutral,0.005183356815666291,0.9904511275548832,0.00436559837090447
360,neutral,0.001903270391255349,0.9911476654977579,0.006949124657086679
361,neutral,0.0009441687290378001,0.88123997917593,0.11781575757828837
362,neutral,0.0009881455083545036,0.9743039559942386,0.024707909673403642
363,neutral,0.0015345341534096872,0.9914747392877018,0.006990808359268079
364,contradiction,0.8747009745040117,0.12186019794684598,0.0034387983995224753
365,neutral,0.02837436419048439,0.9618391502883622,0.009786481051308799
366,neutral,0.0011632866441770562,0.7724722291176788,0.2263644843629984
367,contradiction,0.940803542138278,0.05802456749647792,0.0011719057019628585
368,neutral,0.05089981575825218,0.9420215843531574,0.007078615664342387
369,neutral,0.008958177262045522,0.962216140766078,0.0288257515792868
370,contradiction,0.9954933103685465,0.004232509928146188,0.0002741001985063614
371,neutral,0.043625748776300925,0.9529557108546833,0.0034184423990067467
372,neutral,0.005472656545114254,0.9842228365746676,0.010304541928940595
373,neutral,0.02060765409248142,0.9455782936739772,0.03381407131508423
374,neutral,0.010849737350827298,0.9690994284810813,0.020050903807113916
375,neutral,0.062054426453231365,0.9139247267921535,0.024020778326904794
376,neutral,0.0404960308490182,0.9496515154350663,0.009852388455584893
377,neutral,0.24450576123464512,0.745104642948822,0.010389611246564802
378,neutral,0.01346250929352418,0.9828185591609019,0.003718920921090322
379,neutral,0.01231432906842391,0.9824349204626505,0.005250802328134794
380,neutral,0.020882967957252026,0.9589987986128908,0.020118144193741857
381,neutral,0.03287391545595942,0.9576174252326295,0.009508686533471946
382,neutral,0.020322481046048457,0.9696340896522645,0.010043466663084814
383,contradiction,0.9971789061351986,0.0025414090158868623,0.00027971593365515274
384,neutral,0.044042988470802825,0.9155924885859978,0.04036461783591884
385,neutral,0.0007716972271018579,0.9977342084649383,0.001494127713978779
386,neutral,0.0019785964563179288,0.9729937263520334,0.0250277306335991
387,contradiction,0.9972314210538732,0.002482996683160511,0.00028555890137552906
388,neutral,0.09414655253326981,0.8201259266729105,0.08572750218410374
389,neutral,0.04016990162782546,0.9403838944311794,0.01944620135875033
390,neutral,0.04094673481733124,0.6910978597482824,0.26795547070505926
391,neutral,0.004843072636840128,0.9663606905766547,0.028796248892976703
392,neutral,0.06841427830816711,0.9157826972147587,0.01580294934258078
393,neutral,0.0007151596175264518,0.9786982871045885,0.020586474147079092
394,neutral,0.04355368651440624,0.9327671291097935,0.023679214873441476
395,neutral,0.005134034582701544,0.9222263765726159,0.07263965035737992
396,neutral,0.004202961892262042,0.991462083483725,0.004334937244633586
397,neutral,0.002833083027096109,0.9673813826985446,0.029785576794905722
398,neutral,0.0010486097387281891,0.6423116414907871,0.3566397518350368
399,neutral,0.010925024295949357,0.9355280734490026,0.05354689556775151
400,neutral,0.0019523679480252009,0.9710477877340313,0.02699983164723306
401,contradiction,0.8618844926752189,0.13359103592901808,0.0045244159033377696
402,neutral,0.022620494556406162,0.9635047899259978,0.013874722827899845
403,neutral,0.001474352313367226,0.7882293604251248,0.21029629002149797
404,contradiction,0.960439581322783,0.03840541666604682,0.001155044321802513
405,neutral,0.04000110387177582,0.9502980747270949,0.00970077918400573
406,neutral,0.011689533692399317,0.9501341451605687,0.03817636422338781
407,contradiction,0.9979063092597119,0.0019042344534832422,0.0001894877715365987
408,neutral,0.04509660825546466,0.9503903422356836,0.004513008980537674
409,neutral,0.004134278627607801,0.9670998894354582,0.0287657750736549
410,neutral,0.014707944277718548,0.893609100899577,0.09168297268289308
411,neutral,0.012229858807520472,0.9222177602259455,0.06555244461175737
412,neutral,0.13719281403465658,0.8376859474664783,0.025121217937965488
413,neutral,0.06906892656812684,0.9031552496713146,0.027775836175605452
414,neutral,0.30226293882082317,0.685614905532982,0.012122222286329547
415,neutral,0.007884417800854618,0.9865359595673265,0.00557966107856507
416,neutral,0.043495388209290255,0.9348720705939221,0.021632590804774303
417,neutral,0.0005953928718002156,0.9973133459205371,0.0020912857005086186
418,neutral,0.0020275352015162507,0.9953959748417236,0.0025764880465193986
419,contradiction,0.9626676578469006,0.03514285074983439,0.002189504139474792
420,neutral,0.014001772128077815,0.9824577014959518,0.003540448876600655
421,neutral,0.0015853622808568195,0.9974236278488674,0.000991044710703281
422,neutral,0.0018813639376279955,0.9971463094655445,0.0009723934926168414
423,neutral,0.06897423859989613,0.923679009576515,0.007346702933685996
424,neutral,0.07539864731186002,0.9171611426723368,0.0074402184843511115
425,neutral,0.0028468023012247715,0.9934861968646459,0.003667066880612411
426,neutral,0.0008478127975126414,0.996940228455082,0.002211932435010785
427,neutral,0.019970713810309973,0.9324980563712192,0.04753130693929725
428,neutral,0.05866788094003767,0.9260228926229358,0.015309215552308734
429,neutral,0.005151057441234028,0.9876835785466238,0.007165342258861174
430,neutral,0.006285172705543152,0.9922576862928336,0.0014572151947978198
431,neutral,0.13378591240586055,0.7879662222047261,0.0782478462543734
432,neutral,0.17633691320529687,0.8193417856854437,0.004321227495819606
433,neutral,0.0008964723444868664,0.997866186724599,0.0012373376991375456
434,neutral,0.0008018969077448072,0.9977638767992798,0.0014341731121214013
435,neutral,0.4576930359801729,0.5349666842139839,0.0073402844084469445
436,contradiction,0.9158023957532527,0.08132949079854335,0.0028680467115850057
437,neutral,0.03251520140205076,0.962070472728638,0.005414283558852379
438,neutral,0.0009404034573959286,0.9967242846297271,0.0023352827858816164
439,neutral,0.010491824470167124,0.9383211550163598,0.05118708092021542
440,neutral,0.0016743645034706526,0.9969289731053995,0.0013966324007267474
441,neutral,0.005399531025734541,0.9866891307804142,0.007911246615621694
442,neutral,0.013446483117287395,0.9661067169835434,0.020446840434705214
443,neutral,0.010050489935402179,0.9812528547749544,0.00869670087611604
444,neutral,0.0064523391849298185,0.99138896627559,0.002158720953795097
445,neutral,0.07912129653931967,0.9182813940783037,0.0025973111515392522
446,contradiction,0.7926691196944333,0.20508239918066315,0.0022484779580462825
447,neutral,0.12950563247539376,0.806666426359485,0.06382803061497641
448,neutral,0.012369601908030487,0.9814102455599436,0.0062201289697696996
449,neutral,0.029622930932842694,0.9677459841918488,0.0026310745810304037
450,neutral,0.0014805018162309062,0.9896844556726055,0.00883499357293913
451,neutral,0.0392729202842029,0.9485603858767688,0.012166708178433246
452,neutral,0.0006772025191003791,0.9951402049856534,0.00418250359974747
453,neutral,0.004488179239167525,0.991993203733478,0.003518637042656116
454,neutral,0.0075335196809967345,0.9475020475282996,0.0449644467822258
455,neutral,0.013628867461486251,0.9786946338843022,0.007676495202776269
456,neutral,0.003642301618422555,0.994916190115439,0.0014415414948727055
457,neutral,0.003901912387371231,0.990061157802013,0.006036908225727632
458,neutral,0.11771066560790659,0.8645307922582497,0.01775862813482305
459,neutral,0.0011377244052593355,0.9922575689306188,0.006604769334591163
460,neutral,0.023946162835232848,0.9503965876627861,0.025657293799185698
461,neutral,0.001456012898173009,0.9924859072028335,0.006058140772126342
462,neutral,0.0019228546563125996,0.869560464364457,0.1285167156141358
463,entailment,0.0006379061696106963,0.04537699263777549,0.9539851523138598
464,neutral,0.010643548126121038,0.9857434783806066,0.003612957644541133
465,neutral,0.009890860003050589,0.9837239960659625,0.00638513617066864
466,neutral,0.0067333027419324894,0.928443631404931,0.06482309837730077
467,neutral,0.002911244146351675,0.9813041640370024,0.01578459615699385
468,neutral,0.001391567609878197,0.9964474731967634,0.002161001156628321
469,neutral,0.0008030502122709223,0.9934483115871882,0.005748568471446529
470,neutral,0.07989060746330509,0.8963369723694994,0.023772317778441573
471,neutral,0.309516155536231,0.6804949943328303,0.00998888569892662
472,neutral,0.013497579274207267,0.9758484536322808,0.010654043817178011
473,neutral,0.0010007163699557902,0.9960475643413497,0.002951668672512703
474,neutral,0.0013782328234562369,0.9648138761959499,0.03380792064268167
475,neutral,0.003330482787381229,0.9793517455514146,0.017317752961815105
476,neutral,0.003290287981385852,0.9784830966774956,0.018226633628790814
477,neutral,0.006611632289720418,0.9810141681890892,0.012374156222896877
478,neutral,0.0015823277429162933,0.9894361637704688,0.00898157336788624
479,neutral,0.17004042125768962,0.8266771554791807,0.003282469884860228
480,neutral,0.07853797586094184,0.9169257491733093,0.00453626910956808
481,contradiction,0.9077223392434166,0.08872280235643754,0.003554912600880798
482,contradiction,0.6463708064569972,0.349143231667388,0.004485971167689401
483,neutral,0.36504247201919526,0.617490475144842,0.017467090450709766
484,neutral,0.006842269323533713,0.9814240234361096,0.011733651367979755
485,neutral,0.0033644575737383827,0.9594808851740132,0.03715462016174216
486,neutral,0.042253635388355124,0.9477684976763716,0.009977846240020372
487,neutral,0.013491408419937366,0.9612579702595294,0.025250620901966003
488,contradiction,0.8769005742428049,0.11524015339688637,0.007859220068221954
489,neutral,0.013701377764812369,0.9815413854382097,0.004757259574871565
490,neutral,0.001136959182132749,0.9976946930966839,0.0011683007982081152
491,neutral,0.003787927218879569,0.9941520176729621,0.002060054519069503
492,contradiction,0.8800995379667981,0.10835439652290955,0.01154606030543852
493,neutral,0.0781699227416096,0.9128715927161448,0.00895851472415288
494,neutral,0.043713060402948395,0.9457097328074172,0.010577274757468658
495,neutral,0.0030747444075586742,0.992510331854759,0.00441496347350958
496,neutral,0.022481221017023854,0.9479063326025902,0.029612430623171388
497,neutral,0.024604618499786766,0.9461427963377959,0.02925260409958276
498,neutral,0.0019049918842092377,0.9766492046590962,0.021445896112774684
499,neutral,0.04258706541914175,0.9432884976029025,0.01412446770421737
500,neutral,0.027052688173460012,0.9675715186096142,0.00537581879164987
501,neutral,0.004162549781221677,0.9874124627070084,0.008425036824052877
502,neutral,0.037948650721631755,0.908380034597752,0.05367132251492369
503,neutral,0.051663074443052834,0.8883174273146874,0.06001949850624935
504,neutral,0.05934920805722457,0.923110715174979,0.017540054168913858
505,neutral,0.024628464410839435,0.922174872080764,0.053196658788671664
506,neutral,0.031326581044288364,0.9079214858156445,0.060751955327503986
507,neutral,0.022437595961845698,0.972933464220603,0.00462903111236688
508,neutral,0.004678230858080092,0.9692707519227506,0.02605105605947579
509,contradiction,0.7279144877115756,0.26526255002056554,0.006822978428502753
510,neutral,0.08198264959391048,0.9007564594893954,0.01726089282363069
511,neutral,0.04122097854122751,0.9505151523475561,0.008263850960955416
512,neutral,0.25538393105445967,0.7249212878422193,0.019694730520896226
513,neutral,0.004084998483877884,0.99211169842928,0.0038033348586992604
514,neutral,0.02859355962826639,0.9594410499278011,0.011965345060981212
515,neutral,0.0858519639384534,0.9017276242310837,0.012420431315473648
516,neutral,0.1438744259850004,0.8519334640331943,0.0041921095429885875
517,neutral,0.0016597033935635394,0.9578891607520174,0.04045115030376402
518,neutral,0.10007429177252354,0.8938025739757356,0.006123055360695479
519,neutral,0.010943904036144023,0.9655133691642677,0.023542777903902294
520,neutral,0.002085756553110816,0.9186313467925667,0.07928293715595042
521,neutral,0.156699807668148,0.8072901826568252,0.03601004170263074
522,neutral,0.006370259002753955,0.8871780261086952,0.10645172666975919
523,neutral,0.0011095380181695075,0.997800311804242,0.0010901492159795644
524,neutral,0.08297453106812273,0.8159665675321255,0.10105889713556974
525,neutral,0.20243674159833647,0.5196724795657017,0.277890847732112
526,neutral,0.3351577529892517,0.5608255645889995,0.10401667067363757
527,neutral,0.009184775907963533,0.8406011768662743,0.15021399397687776
528,neutral,0.004010985759166151,0.8762797012581915,0.11970932452921285
529,neutral,0.0036025806911218062,0.9375028825099524,0.058894565774868214
530,neutral,0.001475092785594312,0.8248428453361535,0.17368199110785007
531,neutral,0.0013356347947224975,0.995083306865676,0.0035810758782973524
532,neutral,0.3202978200605802,0.6692659812032101,0.010436190254217024
533,neutral,0.1708688772810126,0.8151112276994009,0.014019890685759972
534,neutral,0.010978452475307451,0.9806330823151127,0.008388381956461117
535,neutral,0.00045176530241393647,0.9953908956313308,0.004157412171091946
536,neutral,0.000489770829410342,0.9937857353899628,0.00572455165064991
537,neutral,0.3519780046584977,0.6390279955969403,0.008994027660238253
538,contradiction,0.705032032793833,0.26111573069532323,0.033852161057209965
539,neutral,0.07059715596993306,0.888112496468273,0.04129033297052681
540,neutral,0.0037238806539382475,0.9743890621233758,0.02188704623206096
541,neutral,0.011994787481217505,0.797158189440799,0.19084699230387095
542,neutral,0.005438263996857499,0.9608032594775181,0.03375848186754825
543,neutral,0.003553604213382267,0.9748850483617143,0.021561342522176594
544,neutral,0.006072650963355061,0.9777528389796379,0.01617451215147148
545,neutral,0.0020743345178006567,0.8179830103140446,0.17994267020372637
546,neutral,0.038585516908401646,0.9574182885388401,0.003996141020562563
547,contradiction,0.8051668272605266,0.18533694674504994,0.009496253112587645
548,contradiction,0.9655897182329088,0.03210092509852715,0.0023093518378789163
549,contradiction,0.9406543700830712,0.0522257468858055,0.007119897933201597
550,contradiction,0.8789107379386508,0.11546421296455252,0.005625007867187648
551,contradiction,0.6613656052388164,0.2513332017291243,0.08730120875600368
552,contradiction,0.8320114275041147,0.15428800300773982,0.013700632985887234
553,neutral,0.010364993548269395,0.9818262939695218,0.007808801558271387
554,neutral,0.008201730968634411,0.9608986804234602,0.03089957427455245
555,neutral,0.013190863371841466,0.9847483078464895,0.0020608297079010057
556,neutral,0.03399565163996911,0.9576518619920336,0.008352420234152405
557,neutral,0.0029382201082634933,0.9477984844944659,0.04926330619377531
558,neutral,0.0323276829072814,0.9104427223152857,0.05722959287542801
559,neutral,0.006392380502837678,0.9182354598550887,0.07537219063738157
560,neutral,0.04310289826255077,0.9193421253965046,0.03755491750007794
561,neutral,0.0058146198151009625,0.9823847579369591,0.011800596050246763
562,neutral,0.009115389868765943,0.9083815100139381,0.0825030501066609
563,neutral,0.005495514364462827,0.9502995792861704,0.044204880041498015
564,neutral,0.030507679208035994,0.9425015723160624,0.026990750198884726
565,neutral,0.04804543980812947,0.9290977469574407,0.022856823980913727
566,neutral,0.0034988460148702807,0.9753167859165753,0.02118434310883723
567,neutral,0.0011840377680237687,0.9977939028546732,0.001022159681852306
568,neutral,0.0009045307013932779,0.996722745092091,0.0023727006822140072
569,neutral,0.13699691075298223,0.8557878556043393,0.007215176511125379
570,neutral,0.03824865659410214,0.8185334997740563,0.1432179067366764
571,neutral,0.07833397120298119,0.9065536106891011,0.015112478040003326
572,neutral,0.012448446785816589,0.9845426967114828,0.0030087758960974315
573,neutral,0.029631435592591574,0.9409587810443946,0.029409759630782573
574,neutral,0.004173174370470142,0.9805888346199334,0.015238060398494752
575,neutral,0.010928155628595908,0.9872455888088012,0.0018263529447963061
576,neutral,0.0041094804264619434,0.993296445419655,0.0025941400660944706
577,neutral,0.0004807783072357351,0.9652953834678899,0.03422388667006442
578,neutral,0.0021580869621585564,0.9961587493177162,0.001683216519186648
579,neutral,0.028566746384917314,0.8703595421254783,0.10107371622796217
580,neutral,0.08367604559879016,0.8061260320255551,0.1101979221503116
581,neutral,0.06332663631057261,0.8756384038240976,0.061034883991583015
582,neutral,0.11017275526826761,0.7322125781711658,0.15761467194824072
583,neutral,0.10278459600541633,0.8615570563549477,0.035658383789042854
584,neutral,0.0959024251277699,0.8900058754519485,0.014091705962577677
585,neutral,0.019903135735826808,0.9692575364302054,0.010839291795262463
586,neutral,0.0010982787505339905,0.9977115431414199,0.0011902407721571212
587,contradiction,0.8473052946456855,0.1478468383886033,0.0048478068216848405
588,neutral,0.0035745434812854797,0.9155752980743903,0.08085021899301573
589,neutral,0.006189825372380533,0.9569417692787264,0.03686846034599792
590,neutral,0.007040684248624144,0.9614310502967348,0.03152820611322509
591,neutral,0.12213588061655005,0.8647922823911517,0.013071757994971182
592,neutral,0.15325918428399618,0.8365002016555757,0.010240564979729708
593,neutral,0.013811762859977726,0.9077437581022205,0.0784444818907625
594,neutral,0.08298250386706953,0.9124801527283669,0.004537394041097644
595,neutral,0.002567842428229449,0.9791171816593556,0.018314983882156806
596,neutral,0.0023558835907001433,0.8442114160392068,0.15343268221085077
597,neutral,0.31942771812863335,0.6754486840587326,0.005123662688032121
598,contradiction,0.7496186318354409,0.24446930060844635,0.005912030626717903
599,contradiction,0.6692477311543532,0.3268866221134783,0.0038656997553252553
600,neutral,0.2591770020090092,0.7325344525529822,0.00828853960502841
601,contradiction,0.7741713526819755,0.21996777084068353,0.005860869979191253
602,neutral,0.013136079259003059,0.890610150216096,0.09625374633839236
603,neutral,0.07189136524825081,0.916980779597773,0.01112777501164497
604,contradiction,0.8242841575750728,0.1679750673539217,0.00774080981160048
605,neutral,0.0018515611842818227,0.9198115751910717,0.07833690343289526
606,contradiction,0.698422079430127,0.29318412330553995,0.008393775544415708
607,neutral,0.09984778713373875,0.8683047573696766,0.031847423297242564
608,neutral,0.005001568711006814,0.9745216144692007,0.020476779634577072
609,neutral,0.000667299176696668,0.9432861642941918,0.056046587854468935
610,contradiction,0.9994100238598707,0.00043841373700887794,0.00015160380322056793
611,contradiction,0.973594385906694,0.024570975410323142,0.0018345793940995698
612,contradiction,0.8801290854427334,0.11670825972392378,0.0031626762698007825
613,neutral,0.38809689476643267,0.5951698565001289,0.01673322970113742
614,contradiction,0.9879076063122009,0.010639047340794622,0.0014533825631797407
615,contradiction,0.6396987715805128,0.3467994161761556,0.013501795609123577
616,neutral,0.0011071983002955404,0.9977194935660127,0.0011732778198889641
617,neutral,0.009313640310753503,0.920926898774388,0.0697594376638795
618,neutral,0.008790659578885687,0.9172989413581588,0.0739103426705188
619,neutral,0.07023784199477354,0.8916306203901503,0.03813156340537471
620,neutral,0.00551922292126877,0.9538719007016154,0.04060877452786338
621,neutral,0.00468163622796818,0.9367262065789347,0.05859213155237934
622,neutral,0.001988883322962409,0.9606568104472362,0.03735430832449978
623,neutral,0.0022571555509160487,0.952047111245833,0.045695766316067594
624,neutral,0.0037158667460877553,0.9934272519336642,0.002856896589254648
625,neutral,0.005133236564630539,0.8388201999699653,0.1560465858710545
626,neutral,0.00485999276194146,0.9099940344405306,0.08514601031665228
627,neutral,0.0006509016488255112,0.9973765476517864,0.0019724705845692693
628,neutral,0.0012821824570367405,0.9975743860495775,0.0011434323104964142
629,neutral,0.0015746023453900382,0.9955613618440072,0.0028639550648174683
630,neutral,0.4101365874356795,0.5619578697269162,0.027905583893961056
631,contradiction,0.759097772439031,0.23332221078443857,0.007580020750975894
632,neutral,0.006737937360381865,0.9751413932059925,0.0181205898818149
633,neutral,0.003210756795994981,0.9867578412593867,0.010031486701139793
634,neutral,0.003421181963977554,0.9035142003924608,0.0930645991514843
635,neutral,0.0019393945389614192,0.8501995727207416,0.1478610445926302
636,neutral,0.011604362564834336,0.9780647448488697,0.010330882891465182
637,neutral,0.0032770134296282046,0.9692662727171812,0.027456780574006863
638,neutral,0.0036209844238516762,0.9221506461760571,0.07422842540724542
639,neutral,0.03745586721910174,0.958898383092835,0.0036457368608385646
640,neutral,0.022975718524590634,0.9667361075799368,0.010288177945572978
641,contradiction,0.8651613634554447,0.12938243193066773,0.005456188914006008
642,neutral,0.1328245611717308,0.724706615723789,0.14246881845372936
643,neutral,0.22484199380241934,0.6952073796364271,0.07995055307853577
644,neutral,0.006373063302656401,0.9515304759242659,0.042096541233313314
645,neutral,0.00625439714115227,0.8883872351722069,0.10535834739067373
646,neutral,0.0013767647803526082,0.9975372557869361,0.001085990263069657
647,neutral,0.0016291019420952763,0.9968332518289803,0.001537679390461769
648,neutral,0.0037090424870369287,0.9950385716433829,0.0012523362112451955
649,neutral,0.002553523461056986,0.9961533076435126,0.0012931941822674202
650,neutral,0.001350056554528373,0.997273389562551,0.001376519274010292
651,neutral,0.004494242040237823,0.9939964030236631,0.001509332843754615
652,neutral,0.002638830599953684,0.996407586328231,0.0009535279541457258
653,neutral,0.0006001518758394497,0.9800925241953325,0.019307299110740188
654,neutral,0.0013183587550264502,0.997681877989247,0.0009997019252829115
655,neutral,0.0009284441303256426,0.9977897490354195,0.0012818138405137677
656,neutral,0.001161623185065136,0.9977301738328908,0.0011081986955041002
657,neutral,0.001423851217400904,0.9975669122258821,0.0010093136769562848
658,neutral,0.0016164812082698238,0.9972826374999589,0.0011009182235554602
659,neutral,0.0006845862223475474,0.9966521663196702,0.0026632505943705435
660,neutral,0.0007188421352759134,0.9971066035644973,0.002174527726681728
661,neutral,0.0006246323028142214,0.9968712775645706,0.002504082502228376
662,neutral,0.012516950651531666,0.986046015167275,0.0014369605239286695
663,neutral,0.019189033260147325,0.9785303515077789,0.002280570432575807
664,contradiction,0.9725165721722852,0.02489496453214254,0.0025883981729597017
665,contradiction,0.9837008082191817,0.014697862617290924,0.0016012728966194837
666,neutral,0.004803649280820336,0.993701446319175,0.0014949486883117913
667,neutral,0.0031125049616265352,0.9956306043912727,0.0012569565836248772
668,neutral,0.0005490270520347903,0.9967090074811475,0.0027419458975706974
669,neutral,0.004378576077330573,0.9943646086171816,0.0012568978473639404
670,neutral,0.009234183680333494,0.9894237929219444,0.00134201688652308
671,neutral,0.0011503289340811507,0.9973222387192152,0.0015273224621326165
672,neutral,0.0011269166583678816,0.9957672278413425,0.003105877840511306
673,contradiction,0.9991255307409863,0.0006415321926872197,0.0002329323927874928
674,neutral,0.00969511898896746,0.9884409805990265,0.0018638883800257513
675,contradiction,0.9884551904251753,0.010586639892429401,0.0009581870136014083
676,neutral,0.013162946955794839,0.9737923960694702,0.013044672111298982
677,neutral,0.01191869091814983,0.9786043231038243,0.00947702789270013
678,neutral,0.27026383167861145,0.7134895589232934,0.016246607852650852
679,neutral,0.0063250207824053556,0.9492183487593608,0.044456628937964926
680,neutral,0.00268709307492469,0.8207415374309638,0.17657136897760767
681,neutral,0.0009553739108410315,0.9950656011243559,0.003979026292876836
682,neutral,0.004818788482558447,0.7413801359587179,0.2538011033931135
683,contradiction,0.5873733692981261,0.3977286822754649,0.014897923591649629
684,neutral,0.0024671124529776966,0.996474460906116,0.001058403505313636
685,neutral,0.0038530936857455378,0.9938232933880619,0.0023235643378388816
686,neutral,0.002650910088767279,0.9906252874068984,0.006723748095759847
687,neutral,0.022103683646870695,0.9551833100668718,0.022712948927364664
688,neutral,0.03994685604924901,0.9555508535879875,0.004502322057290285
689,contradiction,0.942706522990047,0.05530792627836474,0.001985511870938911
690,neutral,0.0058846000133741605,0.9920150238327184,0.0021004160177994385
691,neutral,0.08786092079670989,0.8850129915716459,0.027126109675204988
692,contradiction,0.9968897581757421,0.002878718685820892,0.00023150574318766957
693,contradiction,0.9735250108064012,0.025325502812950908,0.0011495365962916374
694,neutral,0.0030835833251702293,0.949278072065884,0.047638382051842745
695,contradiction,0.9953158998746722,0.004396629404240012,0.00028754973447614923
696,entailment,0.000740885835337091,0.21072443209608407,0.7885346976911694
697,contradiction,0.9994808747847235,0.00037783157486049923,0.00014128683584471285
698,contradiction,0.9993883538351088,0.00045484655313895555,0.00015673652195988226
699,contradiction,0.9674923961947383,0.03119016184788843,0.0013175059631692577
700,contradiction,0.9939732003025776,0.00555076500015016,0.00047597031579918534
701,contradiction,0.9991996738232773,0.0006804153739744394,0.000120002386934962
702,contradiction,0.8583156436903842,0.13774024703548018,0.003944102297692561
703,entailment,0.0022902027826968464,0.07798710129705153,0.9197226327137196
704,entailment,0.002884254529656611,0.24481713652786405,0.75229860407233
705,contradiction,0.9789576696043087,0.01700520311548478,0.004037200820398193
706,contradiction,0.8256781912743814,0.16604198787759034,0.008279845191940853
707,neutral,0.024203577513912368,0.922912672106842,0.05288370231720516
708,contradiction,0.9849743585170819,0.012420834053578694,0.0026048198297585357
709,neutral,0.03874439656798609,0.7640412202931652,0.19721436624933986
710,contradiction,0.9737336170649853,0.01990617294504034,0.00636012157300744
711,neutral,0.251757511215289,0.6905045286141902,0.05773801160481389
712,contradiction,0.8306800999645952,0.1663904855186907,0.0029294402465978647
713,contradiction,0.8702614862592539,0.12148997769748218,0.008248571978997856
714,contradiction,0.9542067441725219,0.03253262532544316,0.013260638652697413
715,contradiction,0.974491615319567,0.02399373920946547,0.001514590796655549
716,contradiction,0.7482886840351601,0.22578134077471063,0.025929980472673763
717,neutral,0.0868754959481822,0.5831181754806871,0.33000637933814814
718,contradiction,0.991583030302921,0.006763473555440184,0.0016534283388676637
719,entailment,0.0005997536528125636,0.0806181396468945,0.918782071454584
720,contradiction,0.7283902957590221,0.22231656813671755,0.04929310124936278
721,contradiction,0.6764969983824161,0.27717929421788784,0.04632370996917002
722,entailment,0.00056641425681523,0.08567550063285885,0.9137580782991414
723,neutral,0.002098408856842006,0.9587242446665868,0.039177286846481814
724,contradiction,0.9992330001520149,0.0005714828429048078,0.00019550406421065902
725,contradiction,0.9992018161306399,0.0005747348613761093,0.00022342345438677017
726,contradiction,0.9977438207488281,0.0017367204212245017,0.0005194409130197702
727,contradiction,0.9980301398191868,0.0016345323741461524,0.0003352534640889483
728,contradiction,0.9974027556287396,0.0018710272956854888,0.0007261987051611345
729,contradiction,0.8465554753877021,0.10336054509025362,0.05008388464521246
730,entailment,0.007278811640298192,0.4250124927053213,0.5677086962198261
731,contradiction,0.6713258034632132,0.2984218018884119,0.030252359284817825
732,neutral,0.07995648148617228,0.8950232394989571,0.0250203027264808
733,neutral,0.004492195920523034,0.8121728071501098,0.1833349960907132
734,neutral,0.009254270887726106,0.9878373391787171,0.0029084746385101595
735,neutral,0.012061001896523805,0.8926082194664378,0.09533070674189348
736,neutral,0.4080354477872295,0.5477796890743712,0.04418480730100366
737,neutral,0.01090679079868855,0.9858126362299039,0.003280477985278759
738,neutral,0.022759442525060136,0.9748742857898232,0.002366199576194751
739,neutral,0.013753599908873468,0.9818567475192238,0.0043895971633034795
740,contradiction,0.6520627494119421,0.34139080027588803,0.006546471362716963
741,contradiction,0.8126393644395612,0.18325209607893633,0.004108557580648889
742,neutral,0.066507003128829,0.8866903890781216,0.04680255855341902
743,neutral,0.03807795352335177,0.7356298527612182,0.22629225771417558
744,neutral,0.2867101361489031,0.6039791880560973,0.10931064075466772
745,neutral,0.010702798368277377,0.7628405355756883,0.22645662904658848
746,neutral,0.282407039406816,0.6954127953873888,0.022180235139881536
747,neutral,0.0063356732240513625,0.869114414563996,0.12454993214479504
748,neutral,0.004550650260867751,0.7275856662095729,0.2678636828761174
749,neutral,0.0014666434697567863,0.9687651332478547,0.02976816206802054
750,contradiction,0.9980573320124807,0.0015521771307536753,0.00039050113529763363
751,contradiction,0.9990746009656422,0.0005984915017774649,0.000326872640539398
752,contradiction,0.9831156147608207,0.012146842541661075,0.004737592151190134
753,contradiction,0.9862721993105811,0.011607777169525076,0.0021201223679084883
754,contradiction,0.9959904436659314,0.0027324870752548844,0.0012770186706847107
755,contradiction,0.9628368237816184,0.026943789156492457,0.010219306604495704
756,neutral,0.04987057368866013,0.8057601749864077,0.14436919410498872
757,neutral,0.003730422688936285,0.9296295469359442,0.06663999758368279
758,entailment,0.08326519139278335,0.2950796009948106,0.6216552116474716
759,neutral,0.0033201191372989104,0.9939344536277251,0.002745401079038223
760,neutral,0.00981105795396714,0.9591527485289506,0.031036202388302445
761,neutral,0.018320259533819227,0.9445539302458151,0.037125762006335876
762,neutral,0.0024107284657576326,0.9944030358828362,0.003186290060802807
763,neutral,0.0011626173159637473,0.9977803730368373,0.0010570704600812225
764,neutral,0.0009258057531749694,0.997616264700179,0.0014578518204080466
765,neutral,0.0922740553355951,0.888245474107978,0.019480442991518757
766,neutral,0.32308544128285405,0.6656318875232651,0.01128268954807075
767,neutral,0.0174060046620434,0.953459587122901,0.02913442572890802
768,neutral,0.006056540617857357,0.9736957545782603,0.020247774012229436
769,contradiction,0.8829182444086047,0.034609091273296345,0.08247270447763011
770,neutral,0.0026202271999347733,0.8080086790314744,0.18937110981424846
771,neutral,0.013478895209855875,0.9736799306134364,0.01284106769197318
772,neutral,0.0031997448095874123,0.940062684567799,0.05673751326787574
773,entailment,0.0012763064213388879,0.38330910038352073,0.6154146016551885
774,neutral,0.0017790724754182168,0.9902632354219321,0.00795761622292928
775,neutral,0.017093475837011717,0.865553069619893,0.11735344365188742
776,contradiction,0.9990559201057636,0.0006273910874530651,0.0003166971082277455
777,contradiction,0.9712972817084733,0.023495513134619235,0.005207158594803843
778,contradiction,0.9957856675822141,0.0031749713667040967,0.0010393505608059773
779,contradiction,0.9640093635569653,0.031353001994283584,0.004637636511503322
780,contradiction,0.9301945566900385,0.04528452203352995,0.024521003321794712
781,neutral,0.0028377881288470233,0.8502919598027444,0.14687024955418734
782,neutral,0.0020500231095345843,0.8138987710126684,0.18405118865432227
783,neutral,0.0013730763026802918,0.8892826809476271,0.10934426550228353
784,neutral,0.0032502295464538465,0.8741565288436056,0.12259326987039552
785,neutral,0.0026298027300893302,0.6443003911897998,0.35306979051125076
786,neutral,0.0020485153398206897,0.8450680771620129,0.15288334037684742
787,neutral,0.0019384514974272,0.6734339702898355,0.32462758318970714
788,entailment,0.0008348752665008808,0.19518924094342724,0.8039758834596735
789,neutral,0.02320765172079071,0.9551457881600448,0.02164657760943679
790,contradiction,0.5698475594136572,0.3682019140784471,0.06195054953319455
791,contradiction,0.9963729095956659,0.0026206532873719822,0.001006452689978529
792,contradiction,0.6473115997826292,0.2653254847878307,0.08736296559570092
793,entailment,0.0024364090271892015,0.19803024009665493,0.7995333511712399
794,contradiction,0.7432188699966332,0.19639363599311271,0.06038748138647306
795,contradiction,0.9145430814006442,0.07892510947460965,0.006531810037885726
796,neutral,0.06979663660972195,0.6644446094713871,0.26575871618702673
797,entailment,0.0004997980513422641,0.019293604790396414,0.9802065902822611
798,contradiction,0.9965845572571931,0.0025467406297870893,0.0008687329487067799
799,contradiction,0.6432657930780278,0.33094115616081976,0.025793030800124836
800,entailment,0.002130120945362612,0.030519573858197237,0.9673502573818242
801,contradiction,0.5294227749045052,0.42939594547058185,0.041181273517814095
802,contradiction,0.9756220322621258,0.01997867167677196,0.004399242389835005
803,contradiction,0.9808134381246147,0.016672595501046314,0.002513958724084677
804,contradiction,0.8784471421831179,0.11805855996130125,0.0034942143241818604
805,entailment,0.0014410631573894045,0.014734829737889596,0.983824137927839
806,neutral,0.0037868436392239553,0.9902838102114447,0.00592934815202012
807,neutral,0.013144105600383689,0.9778262381810009,0.009029685680776174
808,neutral,0.05705631009883151,0.9274874139647643,0.015456245661480548
809,neutral,0.0018799972474229573,0.8452502976244994,0.15286969037556702
810,neutral,0.0010907201317951933,0.9966199590665267,0.0022893107485220023
811,neutral,0.0010309874222135596,0.9703098384424909,0.028659209870647382
812,neutral,0.0934880475765152,0.8902712966941355,0.01624062053574204
813,neutral,0.058395854961873495,0.8984400398455333,0.04316406643491368
814,contradiction,0.7494149822940638,0.24632059053343527,0.004264383989206017
815,neutral,0.004369140744185046,0.9725189397445985,0.023111861124389288
816,neutral,0.0025431461735423285,0.8106347415999612,0.18682211767962548
817,neutral,0.0038688530996343912,0.9417265296988212,0.0544045583789575
818,neutral,0.013321550062215592,0.9682284137437265,0.018450006370669805
819,neutral,0.004501972130353218,0.934052832164508,0.06144517844808829
820,neutral,0.003039467449790663,0.9493679947501378,0.04759246159249058
821,neutral,0.06788747416926408,0.9279100002439248,0.004202452874473121
822,neutral,0.009270731942379302,0.9722892160797854,0.01844003253398592
823,contradiction,0.8188508688314124,0.1752569378069282,0.0058922260354932095
824,neutral,0.3845693291148026,0.5989349588505256,0.01649571235741058
825,contradiction,0.7628815268354698,0.22919295708298001,0.007925534173759725
826,neutral,0.0025317979685065585,0.9133974057003299,0.0840707652218279
827,contradiction,0.8178377071947514,0.17699403173039938,0.005168289534815907
828,neutral,0.004328833386167868,0.9930138937460182,0.0026573607998747473
829,neutral,0.001866151675861534,0.9770853524882124,0.021048391016081882
830,neutral,0.005661815074517637,0.9616539059727353,0.03268424250257327
831,neutral,0.001983163388129072,0.943574659820657,0.05444218745285597
832,neutral,0.0015070128570983932,0.9973823582731374,0.0011106580930550637
833,neutral,0.0007450872733199428,0.9966040932071174,0.002650744503070271
834,neutral,0.27047839175773913,0.7221036526324889,0.0074179717980722365
835,neutral,0.09887043187154569,0.7733209209222436,0.12780863481735277
836,neutral,0.07049427166423357,0.9236646677146731,0.005841069653245912
837,neutral,0.006383592709462515,0.9854065151844897,0.008209912718003504
838,neutral,0.004864149681978702,0.7831400664621424,0.2119958735400882
839,neutral,0.006155485379604166,0.9775384063157327,0.01630619823187291
840,neutral,0.017204342431439174,0.9754794240580882,0.007316295367520697
841,neutral,0.005953755728573298,0.980133063520915,0.013913175180685649
842,neutral,0.0010513534100279169,0.7573487120587247,0.2415999485513339
843,neutral,0.17836549976316313,0.8188631805692167,0.0027713120404978704
844,neutral,0.009787559085534987,0.9432074641880244,0.04700498803546574
845,contradiction,0.9503194963326708,0.047137606260195364,0.002542925477798777
846,contradiction,0.7325374652686297,0.2516919739015127,0.015770632815006864
847,contradiction,0.8239489669621454,0.17093741286788539,0.005113657985444652
848,neutral,0.06121686370095877,0.913632683024343,0.0251503910934275
849,neutral,0.031965104166434055,0.9111029725275404,0.056931880700228366
850,neutral,0.0017513944706446802,0.9954177080179533,0.002830981776345128
851,neutral,0.0012831188403107732,0.9573503282244301,0.0413666284262606
852,neutral,0.002680643047212188,0.9349388566565011,0.06238050228638313
853,neutral,0.0006430365659653285,0.9511022841716742,0.048254568007304224
854,neutral,0.0005127455700555826,0.9782327499503893,0.021254497640866968
855,neutral,0.0009438464303105351,0.9680054011889865,0.031050820053957793
856,neutral,0.001072991655527128,0.9807668804947514,0.01816013766391197
857,entailment,0.030677823114359154,0.23658344711893753,0.7327387558373003
858,neutral,0.03635105538133448,0.9588155265051059,0.004833380738723732
859,neutral,0.009428213284380574,0.9772046383432356,0.013367096867898148
860,contradiction,0.9853199383785916,0.01253095472276318,0.002149117876301913
861,neutral,0.14702976668057088,0.8500135747164822,0.002956670815540324
862,neutral,0.03780440722709218,0.9546380619331082,0.007557622720973808
863,contradiction,0.8877973405746374,0.10288953417880614,0.009313151803689608
864,neutral,0.025773230742681858,0.9631380691736713,0.011088700407093319
865,neutral,0.004354905410053785,0.9924586654219857,0.003186431362695156
866,neutral,0.025776131259530346,0.9672625878977293,0.006961272983388946
867,neutral,0.0029456747420966898,0.9717250593097918,0.025329325199939464
868,neutral,0.010758786711327366,0.9471624822429332,0.042078760138784546
869,contradiction,0.9720099283977921,0.024827232770550822,0.0031628874082672838
870,neutral,0.01974184128087418,0.9753316409327715,0.004926577119059583
871,contradiction,0.8416812799992827,0.06943924472626041,0.08887951632157526
872,neutral,0.0006781228066938947,0.9971450056209219,0.0021768152839151704
873,neutral,0.2776637213377834,0.7045949381248225,0.017741395706543175
874,neutral,0.13428715422691517,0.8457672497429602,0.01994554193853809
875,neutral,0.1194570036174703,0.8440479834238916,0.03649499995971121
876,neutral,0.1384643738760928,0.82222150186346,0.03931405647550368
877,neutral,0.013145196207672044,0.8600342397344966,0.1268205207829157
878,contradiction,0.7755308689970115,0.21892508541816647,0.005544046169820552
879,neutral,0.02099199546329411,0.918311758175992,0.06069624493528727
880,neutral,0.2524255590662103,0.5035264580282315,0.24404799382067593
881,neutral,0.24895273972040696,0.7365669104388414,0.014480388255004506
882,neutral,0.01003825747572668,0.9235766050313687,0.06638513083488264
883,neutral,0.013906250675453313,0.9336281648084688,0.05246555303835999
884,neutral,0.17596791883549737,0.8167871307138802,0.007245018714306813
885,neutral,0.0054975456004857474,0.9824710493883301,0.012031345313258161
886,contradiction,0.9402180989471469,0.056878819022490604,0.002903070876413699
887,neutral,0.07971282661203549,0.7741615701715864,0.14612557249060254
888,neutral,0.14180753869318263,0.8120907938827205,0.04610166538132763
889,neutral,0.03357804824836652,0.941816189646163,0.024605750702084723
890,neutral,0.03347046517663424,0.946762894905611,0.01976655814130173
891,entailment,0.0012748545426568417,0.24861494261324132,0.7501101694928817
892,neutral,0.00795030381360696,0.9641534035749031,0.027896204444972986
893,neutral,0.009075013116470087,0.8029079498428043,0.18801699426966642
894,neutral,0.09025544845794703,0.8932071869078638,0.01653738268296394
895,neutral,0.013878984175472581,0.8982204130619238,0.08790060465409685
896,contradiction,0.9733911453626434,0.022583339361566427,0.004025517078569343
897,contradiction,0.9378261174603734,0.05756461673881492,0.004609306936074487
898,neutral,0.0806029181611123,0.8435549340160019,0.07584213090292337
899,contradiction,0.9777113582372305,0.018581460646874028,0.0037071947507371483
900,contradiction,0.8825104737248572,0.11476236041379093,0.0027271540944413496
901,neutral,0.02381410319585607,0.9122886316964224,0.06389727865346344
902,neutral,0.06672217438580098,0.8899193907320292,0.04335846984720793
903,neutral,0.00895112337107434,0.9854784046197032,0.005570513496009474
904,contradiction,0.9703027681427715,0.026711550439498237,0.0029856105446766546
905,contradiction,0.8768565793069439,0.11916051710402603,0.003982834193047399
906,contradiction,0.9806791677957704,0.012233848307451401,0.007086964441628785
907,contradiction,0.9941794702818185,0.004946941806765487,0.0008736060636880293
908,contradiction,0.9989601469535717,0.0008090758083971713,0.00023080560332465445
909,contradiction,0.9975885035023111,0.0020078237602738557,0.00040363190975911206
910,neutral,0.0007615190789023187,0.9941652138113205,0.005073224500170704
911,neutral,0.0010512225725085732,0.9488916150387382,0.0500571799099215
912,neutral,0.04414799410674749,0.9390305729188976,0.016821365928242224
913,neutral,0.16695133924736677,0.8182785591166314,0.014770079693738773
914,contradiction,0.7818529309203873,0.21376769402093376,0.0043793862449701525
915,neutral,0.029153332439582076,0.9628767211038199,0.007969931264043873
916,neutral,0.004980409149794919,0.9358460883475893,0.059173485736827805
917,neutral,0.0025968777146450866,0.9931739044728088,0.004229183194738042
918,neutral,0.14634110630515235,0.845638419964766,0.008020510450175166
919,neutral,0.006231534742599436,0.9516770723217011,0.04209139277362946
920,neutral,0.001207665474339668,0.9851158235364333,0.013676456218525517
921,neutral,0.04467396687100616,0.951756652854778,0.003569433711482549
922,neutral,0.0015128180793347167,0.9975634719352799,0.0009237962105113799
923,contradiction,0.8540592914700395,0.14220532399221775,0.003735379949376157
924,neutral,0.18515412169787485,0.8105798305121948,0.004266033409091605
925,contradiction,0.9314634514483161,0.0658388589454904,0.0026977026765431186
926,neutral,0.018765782127146125,0.9789432753898765,0.0022909214668292936
927,contradiction,0.9637613825772015,0.03375602711877089,0.002482661637989071
928,entailment,0.00087559284863131,0.004988642407742824,0.9941357589566113
929,neutral,0.010277307565854987,0.9578202571328855,0.03190245942910219
930,neutral,0.003054963935176916,0.9844670164790404,0.012478030704074022
931,neutral,0.007407576287929179,0.9906623725967421,0.0019300197033290504
932,neutral,0.0025848731049093504,0.9961751925761945,0.0012399275935158767
933,neutral,0.004525287580783247,0.9823110183861854,0.013163712721099327
934,neutral,0.03615409263748488,0.9397753853514949,0.02407058033020673
935,neutral,0.013195304784419664,0.9773159817914377,0.00948875290436871
936,neutral,0.014212254902182558,0.9783104419338474,0.007477317487409209
937,neutral,0.0037678394627800272,0.7807534532317636,0.21547868705474293
938,contradiction,0.8710855587096418,0.12597311791298363,0.0029412577582295075
939,neutral,0.001165269714861402,0.9970741299760205,0.0017606067138231478
940,neutral,0.10981513071858467,0.8870302720563624,0.0031545581470411484
941,neutral,0.17436712595339238,0.8232904896121488,0.0023423667758119167
942,neutral,0.14385856202916628,0.8443670039005979,0.011774459660480532
943,neutral,0.001213051950484017,0.9973370606135743,0.0014498475812089065
944,neutral,0.06261372421818318,0.9350812213456137,0.0023050897858752956
945,neutral,0.0039536263312488044,0.9694866142238566,0.026559819734519943
946,neutral,0.018219603855612894,0.9709859677394517,0.010794392581446172
947,neutral,0.022418548990200786,0.9715999037047359,0.005981654170254544
948,neutral,0.005456040618345201,0.9914248206230893,0.0031191596092159882
949,neutral,0.002253830096896415,0.8945113962105884,0.10323484333706515
950,neutral,0.11368820018870954,0.8529090588556594,0.0334028155181455
951,neutral,0.022256165586038972,0.9571869044002197,0.02055693818753526
952,neutral,0.009871777300365349,0.9797476262108076,0.010380672848089993
953,contradiction,0.7779988704408622,0.21643280708019422,0.0055683225390329655
954,contradiction,0.6627570916239252,0.33285405290890874,0.004388814405087128
955,neutral,0.000822031672825386,0.995459051820525,0.003718928014375821
956,neutral,0.12005665678825408,0.8758569986384453,0.004086325204922228
957,neutral,0.10778021918855968,0.8893403857997122,0.0028794174647568623
958,neutral,0.3142767871734784,0.6748829879622184,0.01084024802420152
959,neutral,0.001254269516012744,0.9967730799685405,0.0019726577623562034
960,neutral,0.20644399258499752,0.790037953832503,0.0035180834066432095
961,entailment,0.0005769752308844213,0.04798245612744319,0.9514405787985785
962,neutral,0.030137937175291812,0.9453773110803958,0.02448470738033235
963,neutral,0.21504506398610923,0.7729130778185818,0.012041808397586675
964,neutral,0.05564535059479681,0.7634963870708448,0.18085823956642905
965,contradiction,0.5808016423158268,0.40420771391655763,0.014990696718764249
966,neutral,0.29508737504395544,0.6916538956373646,0.013258703905285604
967,neutral,0.07183182759116297,0.8570219492369974,0.07114627627888317
968,neutral,0.05645670781022318,0.8664691004908815,0.07707416883175264
969,neutral,0.012081285929889331,0.9716035051056473,0.016315259090791
970,neutral,0.02780347805371522,0.9464807760900507,0.02571572420306236
971,neutral,0.059533201526851424,0.9132396987339775,0.02722713005724007
972,neutral,0.012443265839273873,0.9528168364403747,0.03473984257770017
973,neutral,0.13381296383635774,0.7745395556376488,0.09164748066174819
974,neutral,0.054744249867330765,0.9320885822197198,0.013167215723739465
975,neutral,0.3763550857622668,0.6130145784606006,0.010630370818431966
976,neutral,0.00374571787800687,0.9315788906816378,0.06467536233678196
977,neutral,0.2553297462396386,0.7114360063458669,0.03323421765610958
978,neutral,0.08028718407709348,0.8497566292449757,0.06995622113703497
979,contradiction,0.6883672736736343,0.3034608302190674,0.008171913921175401
980,neutral,0.18539875364700495,0.7919872761910842,0.022613964399148288
981,neutral,0.06528333710377768,0.9000141489817132,0.03470252456725623
982,neutral,0.06442877744304763,0.884487346694379,0.0510839030099644
983,neutral,0.009372362662395106,0.9801193201986241,0.01050826683718697
984,neutral,0.15295082464005993,0.8374067231901332,0.009642435709255732
985,neutral,0.1662393497724542,0.7992849238185092,0.034475798889169844
986,neutral,0.03670734757787538,0.9445137295243247,0.018778945102249686
987,neutral,0.0846833672493073,0.8409670011816451,0.0743496455300443
988,neutral,0.03975788965428117,0.9332330600786198,0.027009038500570733
989,neutral,0.24421792574437715,0.6862237701424623,0.06955828211466912
990,entailment,0.0010452933871155671,0.005429078987448083,0.993525614945323
991,contradiction,0.9420960652534316,0.03893550749192863,0.018968495001574395
992,entailment,0.00198422184835854,0.08115268712209449,0.9168631121047451
993,entailment,0.08197209533244804,0.3852088831404377,0.5328189870700084
994,contradiction,0.9785520395177356,0.016541183997572952,0.0049067852458460695
995,contradiction,0.8853791518452309,0.09961110747186204,0.015009744256468262
996,neutral,0.015134278064004882,0.9683381680813243,0.016527512809934333
997,neutral,0.02836191936530381,0.9623580988011384,0.009280033188975176
998,contradiction,0.7616380151482303,0.23285898112271078,0.005503063865345595
999,neutral,0.0669944336819468,0.8854154140360471,0.04759015822203644
1000,neutral,0.17498859440655873,0.451075940697892,0.37393547513854447
1001,neutral,0.016284503756100424,0.954690974089002,0.02902461252602495
1002,entailment,0.008672495933024105,0.26908587577950444,0.722241675927949
1003,contradiction,0.8811977755488308,0.07253918517820392,0.04626298333687039
1004,entailment,0.0018787739878416297,0.03188451399008565,0.9662366902249927
1005,entailment,0.009179346756561874,0.14814474909432013,0.8426759358844994
1006,contradiction,0.8173323455870816,0.14721211114177926,0.03545547698512665
1007,entailment,0.00834413227518012,0.442789791902268,0.5488660907288887
1008,neutral,0.0165210832201811,0.97545583096176,0.008023142122288312
1009,contradiction,0.8152981898213874,0.1791862135393336,0.005515626463173596
1010,contradiction,0.9284359254041772,0.0680943173453303,0.0034697576121969997
1011,contradiction,0.8515124816360886,0.1294631224460392,0.019024397713485176
1012,contradiction,0.8961826116780324,0.09653184931743411,0.007285502960779876
1013,neutral,0.007928221632816224,0.9692915829379153,0.022780142315184673
1014,entailment,0.0035087300844826603,0.2088843615932052,0.7876068934263898
1015,contradiction,0.9699206491907437,0.021347903137895346,0.008731459053998759
1016,entailment,0.04846323147318643,0.3910970188695969,0.5604397732927849
1017,entailment,0.02150539784032283,0.3205242075613256,0.6579703931853327
1018,contradiction,0.9880163993539954,0.006471264068401373,0.0055124239854636185
1019,contradiction,0.8695739791009343,0.12216043079100371,0.008265545554498646
1020,neutral,0.004756724253592719,0.8720414504773053,0.12320185168066751
1021,contradiction,0.9088227940350597,0.08460306898298581,0.0065742248692243176
1022,neutral,0.2106617662427563,0.7318254774350649,0.057512761596618965
1023,neutral,0.1381310690320345,0.5979173944432986,0.26395156833077676
1024,neutral,0.0036832437260821216,0.7514876527893484,0.24482910245581915
1025,neutral,0.1653081577901731,0.7417069023989055,0.09298488845126666
1026,entailment,0.0007471628934606498,0.09377208708893038,0.9054807298088591
1027,neutral,0.08618972569180391,0.5614634957255482,0.3523468499786714
1028,entailment,0.000539305165665418,0.03364451264130746,0.9658161787591454
1029,neutral,0.15166102828186204,0.843045590146259,0.00529336284518448
1030,neutral,0.03381353117190832,0.9563063077353979,0.009880197416946134
1031,contradiction,0.9735731414445038,0.02430188228545509,0.0021249490893515384
1032,neutral,0.42490474098141395,0.5383160245986879,0.03677922567030951
1033,contradiction,0.9345948006493769,0.06232460610239878,0.0030805485114766564
1034,neutral,0.0023300838506987924,0.8298491409041552,0.16782071177631833
1035,neutral,0.18631369724500815,0.7900083465928014,0.023677899493387403
1036,contradiction,0.6804635199867015,0.2776341314296661,0.04190236076785421
1037,neutral,0.14639620867909817,0.7162298015255446,0.13737394685601886
1038,contradiction,0.8418509656621348,0.1526734401561127,0.005475593094431882
1039,neutral,0.1417592499718963,0.8511197355116128,0.0071210183818801575
1040,contradiction,0.9747698403572151,0.022120480018648175,0.003109680407152567
1041,neutral,0.2997223196192374,0.6088197777885914,0.09145797115492059
1042,neutral,0.2854650243281926,0.6885835556624438,0.02595140442132623
1043,entailment,0.0032986704599269373,0.21304771215071636,0.7836536547571986
1044,neutral,0.09717710408016822,0.680755301597676,0.2220675869815002
1045,contradiction,0.46129868659755463,0.4290437374984042,0.1096574714653131
1046,neutral,0.0013693408987175712,0.7089262999339832,0.28970438899982376
1047,neutral,0.11124226128093363,0.8727552146109776,0.016002569899398817
1048,contradiction,0.8454246711134417,0.1489485017947463,0.005626791821505286
1049,neutral,0.059883509706794694,0.8790289968160561,0.06108746791347093
1050,neutral,0.2448258336564639,0.7066440963377829,0.0485300627223913
1051,contradiction,0.869834026423288,0.12256281754245621,0.007603159467870453
1052,contradiction,0.8064722262742077,0.18349854615254535,0.010029253108760102
1053,neutral,0.06547885809988564,0.9228165267177477,0.011704621101405396
1054,neutral,0.02197020051387032,0.936517050726309,0.041512812744311796
1055,contradiction,0.9812239314393392,0.0169991794090602,0.0017769385150308565
1056,contradiction,0.911233716739804,0.07949130839773322,0.009274892688115542
1057,contradiction,0.968171981331585,0.029155299552939575,0.002672666001011581
1058,neutral,0.001991693440168409,0.8980617468156061,0.09994653381342611
1059,neutral,0.011676425416028705,0.860816443790805,0.12750710542623026
1060,contradiction,0.999411928979736,0.00039816206852274897,0.00018987597148985638
1061,contradiction,0.9991734903989856,0.0006463510961353796,0.00018019560722047544
1062,contradiction,0.9635656597923754,0.030538207213658776,0.005896138341947614
1063,contradiction,0.8898464193638396,0.10369722377141574,0.006456364783513844
1064,contradiction,0.9990527075227154,0.0007237456651727298,0.0002235438731899713
1065,neutral,0.18235390461415593,0.8128047939059752,0.004841260130847747
1066,entailment,0.0022527867950937926,0.14941003802384717,0.8483372384432337
1067,neutral,0.010000719410476484,0.8502594610079962,0.13973983946907392
1068,contradiction,0.9885892686630772,0.009008547995492082,0.0024022003168021984
1069,entailment,0.001295533372455371,0.193301751558928,0.805402752937124
1070,contradiction,0.972733883891471,0.02257568958468821,0.00469045572126296
1071,entailment,0.004850419649855543,0.2323009740750804,0.76284858360267
1072,contradiction,0.947190184549863,0.04541357464289502,0.007396218360170437
1073,contradiction,0.5657014593019429,0.20907127704733408,0.22522724501215616
1074,contradiction,0.9902464025757562,0.008091908100680476,0.0016617520300217436
1075,entailment,0.0009897757364435808,0.05598842415990984,0.9430217998450549
1076,entailment,0.04223877877452767,0.25321379956290613,0.7045474199734921
1077,contradiction,0.6554299970574596,0.30283578595913774,0.041734212618634935
1078,neutral,0.10216062064977866,0.7818465930650703,0.11599278863186467
1079,entailment,0.0007740381407672522,0.0810881088286434,0.918137872651245
1080,contradiction,0.5996787512493418,0.19690975037012762,0.20341144500217456
